Company,Person_Name,Title,Niche,Source_URL,Still_At_Company,Company_Active,Niche_Confirmed,Quality_Score,Pass_Fail,Disqualification_Reason
AFRL Quantum,UNKNOWN,Leadership,Academic-Government Quantum Programs,https://afrl.af.mil,UNKNOWN,ACTIVE 2026,CONFIRMED — orbital quantum networking/cyber,2,PASS — find person in Phase 3,
AIST Japan Hub,UNKNOWN,Leadership,Academic-Government Quantum Programs,https://aist.go.jp,UNKNOWN,ACTIVE 2026,CONFIRMED — materials/fab lead,2,PASS — find person in Phase 3,
AIT Austria Quantum,UNKNOWN,Leadership,Academic-Government Quantum Programs,https://ait.ac.at,UNKNOWN,ACTIVE 2026,CONFIRMED — austrian national center,2,PASS — find person in Phase 3,
APS March Meeting,UNKNOWN,Leadership,Academic-Government Quantum Programs,https://march.aps.org,UNKNOWN — no person name,ACTIVE 2025,MISALIGNED — academic society meeting,1,FAIL,Lead is a professional scientific meeting.
ARL Quantum,UNKNOWN,Leadership,Academic-Government Quantum Programs,https://arl.army.mil,UNKNOWN,ACTIVE 2025,CONFIRMED — defense quantum sensing,2,PASS — find person in Phase 3,
Advantest,Joshua Aller,Principal Investigator,Academic-Government Quantum Programs,https://advantest.com,CONFIRMED 2024,ACTIVE 2024,CONFIRMED — quantum test equipment development,2,PASS,
Amethyst Research,Jeff Sharp,Principal Investigator,Academic-Government Quantum Programs,https://amethystresearch.com,CONFIRMED 2025,ACTIVE 2025,CONFIRMED — IR quantum sensors for SBIR,2,PASS,
Arizona St Quantum,UNKNOWN,Leadership,Academic-Government Quantum Programs,https://quantum.asu.edu,UNKNOWN,ACTIVE 2025,CONFIRMED — University collaborative,2,PASS — find person in Phase 3,
BU Quantum,UNKNOWN,Leadership,Academic-Government Quantum Programs,https://bu.edu,UNKNOWN,ACTIVE 2025,CONFIRMED — University center,2,PASS — find person in Phase 3,
Beijing Academy of QIS,UNKNOWN,Leadership,Academic-Government Quantum Programs,https://baqis.ac.cn,UNKNOWN,ACTIVE 2026,CONFIRMED — massive Chinese research collective,2,PASS — find person in Phase 3,
Brookhaven NL,UNKNOWN,Leadership,Academic-Government Quantum Programs,https://bnl.gov,UNKNOWN,ACTIVE 2026,CONFIRMED — C2QA lead/networks,2,PASS — find person in Phase 3,
Brown Quantum,UNKNOWN,Leadership,Academic-Government Quantum Programs,https://brown.edu,UNKNOWN,ACTIVE 2025,CONFIRMED — University center,2,PASS — find person in Phase 3,
CEA-Leti Quantum Division,UNKNOWN,Leadership,Academic-Government Quantum Programs,https://leti-cea.com,UNKNOWN,ACTIVE 2026,CONFIRMED — silicon qubit fabrication hub,2,PASS — find person in Phase 3,
CMU Quantum,UNKNOWN,Leadership,Academic-Government Quantum Programs,https://cmu.edu,UNKNOWN,ACTIVE 2025,CONFIRMED — University center,2,PASS — find person in Phase 3,
CQT Singapore Hub,UNKNOWN,Leadership,Academic-Government Quantum Programs,https://quantumlah.org,UNKNOWN,ACTIVE 2026,CONFIRMED — national research center,2,PASS — find person in Phase 3,
CSEM Switzerland Quantum,UNKNOWN,Leadership,Academic-Government Quantum Programs,https://csem.ch,UNKNOWN,ACTIVE 2026,CONFIRMED — precision engineering and micro-sensing,2,PASS — find person in Phase 3,
Case Western Quantum,UNKNOWN,Leadership,Academic-Government Quantum Programs,https://case.edu,UNKNOWN,ACTIVE 2025,CONFIRMED — University center,2,PASS — find person in Phase 3,
Chicago Quantum (CQE),UNKNOWN,Leadership,Academic-Government Quantum Programs,https://chicagoquantum.org,UNKNOWN,ACTIVE 2026,CONFIRMED — university-corporate alliance,2,PASS — find person in Phase 3,
Columbia Quantum,UNKNOWN,Leadership,Academic-Government Quantum Programs,https://columbia.edu,UNKNOWN,ACTIVE 2025,CONFIRMED — University center,2,PASS — find person in Phase 3,
Cornell Quantum,UNKNOWN,Leadership,Academic-Government Quantum Programs,https://cornell.edu,UNKNOWN,ACTIVE 2025,CONFIRMED — University center,2,PASS — find person in Phase 3,
DOE C2QA,UNKNOWN,Leadership,Academic-Government Quantum Programs,https://bnl.gov/c2qa,UNKNOWN,ACTIVE 2026,CONFIRMED — Brookhaven lead center,2,PASS — find person in Phase 3,
DOE Q-CAN,UNKNOWN,Leadership,Academic-Government Quantum Programs,https://q-can.energy.gov,UNKNOWN,ACTIVE 2025,CONFIRMED — network acceleration hub,2,PASS — find person in Phase 3,
DOE Q-NEXT,UNKNOWN,Leadership,Academic-Government Quantum Programs,https://q-next.org,UNKNOWN,ACTIVE 2026,CONFIRMED — major industrial-national lab center,2,PASS — find person in Phase 3,
DOE QSA,UNKNOWN,Leadership,Academic-Government Quantum Programs,https://quantumsystemsaccelerator.org,UNKNOWN,ACTIVE 2026,CONFIRMED — Berkeley lead center,2,PASS — find person in Phase 3,
DOE SQMS,UNKNOWN,Leadership,Academic-Government Quantum Programs,https://sqms.fnal.gov,UNKNOWN,ACTIVE 2026,CONFIRMED — Fermilab lead center,2,PASS — find person in Phase 3,
Fermilab Quantum,UNKNOWN,Leadership,Academic-Government Quantum Programs,https://quantum.fnal.gov,UNKNOWN,ACTIVE 2026,CONFIRMED — SRF qubit and network hub,2,PASS — find person in Phase 3,
Fraunhofer IAF Quantum,UNKNOWN,Leadership,Academic-Government Quantum Programs,https://fraunhofer.de,UNKNOWN,ACTIVE 2026,CONFIRMED — diamond research and microwave sensors,2,PASS — find person in Phase 3,
Harvard Quantum (HQI),UNKNOWN,Leadership,Academic-Government Quantum Programs,https://harvard.edu,UNKNOWN,ACTIVE 2026,CONFIRMED — university initiative,2,PASS — find person in Phase 3,
Imec Belgium Quantum,UNKNOWN,Leadership,Academic-Government Quantum Programs,https://imec-int.com,UNKNOWN,ACTIVE 2026,CONFIRMED — global semiconductor fab leader,2,PASS — find person in Phase 3,
Johns Hopkins Quantum,UNKNOWN,Leadership,Academic-Government Quantum Programs,https://jhu.edu,UNKNOWN,ACTIVE 2025,CONFIRMED — university center,2,PASS — find person in Phase 3,
LIST Luxembourg Quantum,UNKNOWN,Leadership,Academic-Government Quantum Programs,https://list.lu,UNKNOWN,ACTIVE 2026,CONFIRMED — materials and sensing hub,2,PASS — find person in Phase 3,
Lawrence Berkeley NL,UNKNOWN,Leadership,Academic-Government Quantum Programs,https://lbl.gov,UNKNOWN,ACTIVE 2026,CONFIRMED — QSA hub lead,2,PASS — find person in Phase 3,
Los Alamos NL,UNKNOWN,Leadership,Academic-Government Quantum Programs,https://lanl.gov,UNKNOWN,ACTIVE 2026,CONFIRMED — algorithm/theory leader,2,PASS — find person in Phase 3,
METAS Quantum Lab,UNKNOWN,Leadership,Academic-Government Quantum Programs,https://metas.ch,UNKNOWN,ACTIVE 2026,CONFIRMED — swiss metrology center,2,PASS — find person in Phase 3,
Maryland QMC,UNKNOWN,Leadership,Academic-Government Quantum Programs,https://quics.umd.edu,UNKNOWN,ACTIVE 2025,CONFIRMED — materials/theory center,2,PASS — find person in Phase 3,
NASA JPL Quantum,UNKNOWN,Leadership,Academic-Government Quantum Programs,https://jpl.nasa.gov,UNKNOWN,ACTIVE 2025,CONFIRMED — deep space quantum comms,2,PASS — find person in Phase 3,
NICT Japan Hub,UNKNOWN,Leadership,Academic-Government Quantum Programs,https://nict.go.jp,UNKNOWN,ACTIVE 2025,CONFIRMED — network research lead,2,PASS — find person in Phase 3,
NIST Quantum,UNKNOWN,Leadership,Academic-Government Quantum Programs,https://nist.gov,UNKNOWN,ACTIVE 2026,CONFIRMED — global standards lead,2,PASS — find person in Phase 3,
NYU Quantum,UNKNOWN,Leadership,Academic-Government Quantum Programs,https://nyu.edu,UNKNOWN,ACTIVE 2025,CONFIRMED — university center,2,PASS — find person in Phase 3,
National Energy Tech Lab,UNKNOWN,Leadership,Academic-Government Quantum Programs,https://netl.doe.gov,UNKNOWN,ACTIVE 2026,CONFIRMED — algorithm research for fossil systems,2,PASS — find person in Phase 3,
Northwestern Quantum,UNKNOWN,Leadership,Academic-Government Quantum Programs,https://northwestern.edu,UNKNOWN,ACTIVE 2026,CONFIRMED — university center,2,PASS — find person in Phase 3,
ONR Quantum,UNKNOWN,Leadership,Academic-Government Quantum Programs,https://onr.navy.mil,UNKNOWN,ACTIVE 2025,CONFIRMED — naval quantum navigation/sensors,2,PASS — find person in Phase 3,
Oak Ridge NL,UNKNOWN,Leadership,Academic-Government Quantum Programs,https://ornl.gov,UNKNOWN,ACTIVE 2026,CONFIRMED — materials and network hub,2,PASS — find person in Phase 3,
Ohio State Quantum,UNKNOWN,Leadership,Academic-Government Quantum Programs,https://osu.edu,UNKNOWN,ACTIVE 2025,CONFIRMED — university center,2,PASS — find person in Phase 3,
PTB Quantum Metrology,UNKNOWN,Leadership,Academic-Government Quantum Programs,https://ptb.de,UNKNOWN,ACTIVE 2026,CONFIRMED — national metrology institute,2,PASS — find person in Phase 3,
Pacific Northwest NL,UNKNOWN,Leadership,Academic-Government Quantum Programs,https://pnnl.gov,UNKNOWN,ACTIVE 2026,CONFIRMED — chem/material algorithms,2,PASS — find person in Phase 3,
Penn State Quantum,UNKNOWN,Leadership,Academic-Government Quantum Programs,https://psu.edu,UNKNOWN,ACTIVE 2026,CONFIRMED — university institute,2,PASS — find person in Phase 3,
Purdue Quantum,UNKNOWN,Leadership,Academic-Government Quantum Programs,https://purdue.edu,UNKNOWN,ACTIVE 2026,CONFIRMED — QIS hub,2,PASS — find person in Phase 3,
QST Japan Hub,UNKNOWN,Leadership,Academic-Government Quantum Programs,https://qst.go.jp,UNKNOWN,ACTIVE 2026,CONFIRMED — Japanese hub,2,PASS — find person in Phase 3,
QuTech Delft,Lieven Vandersypen,Director,Academic-Government Quantum Programs,https://qutech.nl,CONFIRMED 2026,ACTIVE 2026,CONFIRMED — leading research lab for spin qubits,3,PASS,
QuTech Delft,Rogier Verberk,Director of Semiconductor Research,Academic-Government Quantum Programs,https://qutech.nl,CONFIRMED 2026,ACTIVE 2026,CONFIRMED — ecosystem and industry lead,3,PASS,
Quantum Australia Init,UNKNOWN,Leadership,Academic-Government Quantum Programs,https://industry.gov.au,UNKNOWN,ACTIVE 2026,CONFIRMED — Australian strategy lead,2,PASS — find person in Phase 3,
Quantum Canada (NRC),UNKNOWN,Leadership,Academic-Government Quantum Programs,https://nrc.canada.ca,UNKNOWN,ACTIVE 2026,CONFIRMED — Canadian federal lead,2,PASS — find person in Phase 3,
Quantum Computing Report,UNKNOWN,Leadership,Academic-Government Quantum Programs,https://quantumcomputingreport.com,UNKNOWN,ACTIVE 2026,MISALIGNED — informative/news,1,FAIL,Media/Industry reporting outlet.
Quantum Delta NL,UNKNOWN,Leadership,Academic-Government Quantum Programs,https://quantumdelta.nl,UNKNOWN,ACTIVE 2026,CONFIRMED — Dutch ecosystem lead,2,PASS — find person in Phase 3,
Quantum Delta NL Ecosystem,UNKNOWN,Leadership,Academic-Government Quantum Programs,https://quantumdelta.nl,UNKNOWN,ACTIVE 2026,CONFIRMED — national innovation agency,2,PASS — find person in Phase 3,
Quantum France Init,UNKNOWN,Leadership,Academic-Government Quantum Programs,https://enseignementsup-recherche.gouv.fr,UNKNOWN,ACTIVE 2025,CONFIRMED — French national strategy,2,PASS — find person in Phase 3,
Quantum Germany,UNKNOWN,Leadership,Academic-Government Quantum Programs,https://bmbf.de,UNKNOWN,ACTIVE 2026,CONFIRMED — German BMBF national lead,2,PASS — find person in Phase 3,
Quantum Hub Auckland,UNKNOWN,Leadership,Academic-Government Quantum Programs,https://auckland.ac.nz,UNKNOWN,ACTIVE 2025,CONFIRMED — university hub,2,PASS — find person in Phase 3,
Quantum Hub Brisbane,UNKNOWN,Leadership,Academic-Government Quantum Programs,https://uq.edu.au,UNKNOWN,ACTIVE 2025,CONFIRMED — university hub,2,PASS — find person in Phase 3,
Quantum Hub Melbourne,UNKNOWN,Leadership,Academic-Government Quantum Programs,https://unimelb.edu.au,UNKNOWN,ACTIVE 2025,CONFIRMED — university hub,2,PASS — find person in Phase 3,
Quantum Hub Sydney,UNKNOWN,Leadership,Academic-Government Quantum Programs,https://sydney.edu.au,UNKNOWN,ACTIVE 2025,CONFIRMED — university hub,2,PASS — find person in Phase 3,
Quantum Industry Canada,UNKNOWN,Leadership,Academic-Government Quantum Programs,https://quantumindustrycanada.ca,UNKNOWN,ACTIVE 2026,CONFIRMED — trade consortium/ecosystem lead,2,PASS — find person in Phase 3,
Quantum Israel Init,UNKNOWN,Leadership,Academic-Government Quantum Programs,https://innovationisrael.org.il,UNKNOWN,ACTIVE 2026,CONFIRMED — Israeli innovation lead,2,PASS — find person in Phase 3,
Quantum Japan (MEXT),UNKNOWN,Leadership,Academic-Government Quantum Programs,https://mext.go.jp,UNKNOWN,ACTIVE 2026,CONFIRMED — Japanese national strategy,2,PASS — find person in Phase 3,
Quantum Singapore (CQT),UNKNOWN,Leadership,Academic-Government Quantum Programs,https://quantumlah.org,UNKNOWN,ACTIVE 2026,CONFIRMED — Singapore national center,2,PASS — find person in Phase 3,
Quantum UKRI,UNKNOWN,Leadership,Academic-Government Quantum Programs,https://uknqt.ukri.org,UNKNOWN,ACTIVE 2026,CONFIRMED — UK national strategy lead,2,PASS — find person in Phase 3,
Quantum Valley Waterloo,UNKNOWN,Leadership,Academic-Government Quantum Programs,https://quantumvalley.com,UNKNOWN,ACTIVE 2025,CONFIRMED — Canadian investment/incubator,2,PASS — find person in Phase 3,
Quantum-Si,UNKNOWN,Leadership,Academic-Government Quantum Programs,https://quantum-si.com,UNKNOWN — no person name in Phase 1,ACTIVE 2026,MISALIGNED — focusing on proteomics/biosensors,1,FAIL,Biosensor firm utilizing branding but not in QC ecosystem.
RIKEN Center for QCH,UNKNOWN,Leadership,Academic-Government Quantum Programs,https://qih.riken.jp,UNKNOWN,ACTIVE 2026,CONFIRMED — Japanese supercompute integrator,2,PASS — find person in Phase 3,
RISE Sweden Quantum,UNKNOWN,Leadership,Academic-Government Quantum Programs,https://ri.se,UNKNOWN,ACTIVE 2026,CONFIRMED — swedish industrial research hub,2,PASS — find person in Phase 3,
Rice University Quantum,UNKNOWN,Leadership,Academic-Government Quantum Programs,https://rice.edu,UNKNOWN,ACTIVE 2025,CONFIRMED — university center,2,PASS — find person in Phase 3,
Rutgers Quantum,UNKNOWN,Leadership,Academic-Government Quantum Programs,https://rutgers.edu,UNKNOWN,ACTIVE 2025,CONFIRMED — university center,2,PASS — find person in Phase 3,
SINTEF Norway Quantum,UNKNOWN,Leadership,Academic-Government Quantum Programs,https://sintef.no,UNKNOWN,ACTIVE 2026,CONFIRMED — norwegian industrial research hub,2,PASS — find person in Phase 3,
Sandia NL,UNKNOWN,Leadership,Academic-Government Quantum Programs,https://sandia.gov,UNKNOWN,ACTIVE 2026,CONFIRMED — trapped-ion fabrication/DOE center,2,PASS — find person in Phase 3,
Savannah River NL Quantum,UNKNOWN,Leadership,Academic-Government Quantum Programs,https://srnl.doe.gov,UNKNOWN,ACTIVE 2026,CONFIRMED — material science for DOE QIS,2,PASS — find person in Phase 3,
Shenzhen Quantum Institute,UNKNOWN,Leadership,Academic-Government Quantum Programs,https://iqis.sustech.edu.cn,UNKNOWN,ACTIVE 2026,CONFIRMED — Chinese leading research institute,2,PASS — find person in Phase 3,
TNO Netherlands Quantum,UNKNOWN,Leadership,Academic-Government Quantum Programs,https://tno.nl,UNKNOWN,ACTIVE 2026,CONFIRMED — dutch industrial research hub,2,PASS — find person in Phase 3,
Texas A&M Quantum,UNKNOWN,Leadership,Academic-Government Quantum Programs,https://tamu.edu,UNKNOWN,ACTIVE 2026,CONFIRMED — IQSE lab,2,PASS — find person in Phase 3,
The Quantum Insider,UNKNOWN,Leadership,Academic-Government Quantum Programs,https://thequantuminsider.com,UNKNOWN,ACTIVE 2026,MISALIGNED — data/intelligence,1,FAIL,Intelligence/Information provider.
Tsinghua University Quantum,UNKNOWN,Leadership,Academic-Government Quantum Programs,https://iiis.tsinghua.edu.cn,UNKNOWN,ACTIVE 2026,CONFIRMED — leading Chinese university center,2,PASS — find person in Phase 3,
Tufts University Quantum,UNKNOWN,Leadership,Academic-Government Quantum Programs,https://tufts.edu,UNKNOWN,ACTIVE 2025,CONFIRMED — university center,2,PASS — find person in Phase 3,
Tyndall National Institute,UNKNOWN,Leadership,Academic-Government Quantum Programs,https://tyndall.ie,UNKNOWN,ACTIVE 2026,CONFIRMED — photonics and microelectronics hub,2,PASS — find person in Phase 3,
UC Berkeley Quantum,UNKNOWN,Leadership,Academic-Government Quantum Programs,https://berkeley.edu,UNKNOWN,ACTIVE 2026,CONFIRMED — leading research institute,2,PASS — find person in Phase 3,
UCLA Quantum,UNKNOWN,Leadership,Academic-Government Quantum Programs,https://ucla.edu,UNKNOWN,ACTIVE 2025,CONFIRMED — university center,2,PASS — find person in Phase 3,
UCSD Quantum,UNKNOWN,Leadership,Academic-Government Quantum Programs,https://ucsd.edu,UNKNOWN,ACTIVE 2025,CONFIRMED — university center,2,PASS — find person in Phase 3,
USTC Quantum Lab,UNKNOWN,Leadership,Academic-Government Quantum Programs,https://quantum.ustc.edu.cn,UNKNOWN,ACTIVE 2026,CONFIRMED — global leadership in QKD and photons,2,PASS — find person in Phase 3,
University of Chicago Quantum,UNKNOWN,Leadership,Academic-Government Quantum Programs,https://uchicago.edu,UNKNOWN,ACTIVE 2026,CONFIRMED — major research hub (CQE),2,PASS — find person in Phase 3,
University of Michigan Quantum,UNKNOWN,Leadership,Academic-Government Quantum Programs,https://umich.edu,UNKNOWN,ACTIVE 2026,CONFIRMED — university center,2,PASS — find person in Phase 3,
University of Minnesota Quantum,UNKNOWN,Leadership,Academic-Government Quantum Programs,https://umn.edu,UNKNOWN,ACTIVE 2025,CONFIRMED — university center,2,PASS — find person in Phase 3,
Abbratech,UNKNOWN,Principal Investigator,Full-Stack Quantum Computing and Cloud Platforms,https://abbratech.com,UNKNOWN — no person name in Phase 1,ACTIVE 2024,CONFIRMED — high-depth quantum architectures,2,PASS — find person in Phase 3,
Agnostiq,UNKNOWN,Leadership,Full-Stack Quantum Computing and Cloud Platforms,https://agnostiq.ai,UNKNOWN,ACTIVE 2026,CONFIRMED — Covalent cloud orchestration,2,PASS — find person in Phase 3,
Agnostiq,Oktay Goktas,CEO,Full-Stack Quantum Computing and Cloud Platforms,https://agnostiq.ai,CONFIRMED 2026,ACTIVE 2026,CONFIRMED — covalent software hub leader,3,PASS,
Alibaba Quantum Lab,UNKNOWN,Leadership,Full-Stack Quantum Computing and Cloud Platforms,https://damo.alibaba.com,UNKNOWN,ACTIVE 2026,FAIL — parent level (not named division lead),1,FAIL,Parent level company per Qualification Score Rule.
Alice & Bob,Théau Peronnin,CEO,Full-Stack Quantum Computing and Cloud Platforms,https://alice-bob.com,CONFIRMED 2025,ACTIVE 2025,CONFIRMED — self-correcting cat qubits,3,PASS,
Alice & Bob,Jean-Luc Lodi,Chief Product Officer,Full-Stack Quantum Computing and Cloud Platforms,https://alice-bob.com,CONFIRMED 2025,ACTIVE 2025,CONFIRMED — product strategy for cat qubits,3,PASS,
Amazon Braket,UNKNOWN,Leadership,Full-Stack Quantum Computing and Cloud Platforms,https://aws.amazon.com,UNKNOWN,ACTIVE 2026,CONFIRMED — hardware-agnostic cloud stack,2,PASS — find person in Phase 3,
Applied Materials,UNKNOWN,Leadership,Full-Stack Quantum Computing and Cloud Platforms,https://appliedmaterials.com,UNKNOWN — no person name in Phase 1,ACTIVE 2026,CONFIRMED — fab equipment for qubit manufacturing,2,PASS — find person in Phase 3,
Atom Computing,UNKNOWN,Leadership,Full-Stack Quantum Computing and Cloud Platforms,https://atom-computing.com,UNKNOWN — no person name,ACTIVE 2026,CONFIRMED — neutral atom platform leader,2,PASS — find person in Phase 3,
Atom Computing,Rob Hays,CEO,Full-Stack Quantum Computing and Cloud Platforms,https://atom-computing.com,CONFIRMED 2025,ACTIVE 2026,CONFIRMED — neutral atom hardware lead,3,PASS,
Baidu Quantum (Qian Shi),UNKNOWN,Leadership,Full-Stack Quantum Computing and Cloud Platforms,https://quantum.baidu.com,UNKNOWN,ACTIVE 2026,FAIL — parent level (not named division lead),1,FAIL,Parent level company per Qualification Score Rule.
Bleximo,UNKNOWN,Leadership,Full-Stack Quantum Computing and Cloud Platforms,https://bleximo.com,UNKNOWN,ACTIVE 2025,CONFIRMED — specialized application-specific QC,2,PASS — find person in Phase 3,
ColdQuanta,UNKNOWN,Leadership,Full-Stack Quantum Computing and Cloud Platforms,https://infleqtion.com,UNKNOWN — no person name,ACTIVE 2026,CONFIRMED — neutral atom hardware (Infleqtion),2,PASS — find person in Phase 3,
ColdQuanta,Scott Faris,CEO,Full-Stack Quantum Computing and Cloud Platforms,https://coldquanta.com,CONFIRMED 2025,ACTIVE 2026,CONFIRMED — cold atom infrastructure,3,PASS,
D-Wave,Alan Baratz,CEO,Full-Stack Quantum Computing and Cloud Platforms,https://dwavesys.com,CONFIRMED 2026,ACTIVE 2026,CONFIRMED — annealing and gate-model lead,3,PASS,
Diraq,Andrew Dzurak,CEO,Full-Stack Quantum Computing and Cloud Platforms,https://diraq.com,CONFIRMED 2025,ACTIVE 2025,CONFIRMED — CMOS silicon spin qubits,3,PASS,
EeroQ,UNKNOWN,Leadership,Full-Stack Quantum Computing and Cloud Platforms,https://eeroq.com,UNKNOWN — no person name,ACTIVE 2025,CONFIRMED — electrons-on-helium hardware,2,PASS — find person in Phase 3,
EeroQ,Nick Farina,CEO,Full-Stack Quantum Computing and Cloud Platforms,https://eeroq.com,CONFIRMED 2025,ACTIVE 2025,CONFIRMED — electrons-on-helium architecture,3,PASS,
Equal1,Jason Lynch,CEO,Full-Stack Quantum Computing and Cloud Platforms,https://www.equal1.com/about,CONFIRMED 2025,ACTIVE 2025,CONFIRMED — CMOS-based quantum computing,3,PASS,
Google Quantum AI,UNKNOWN,Leadership,Full-Stack Quantum Computing and Cloud Platforms,https://quantumai.google,UNKNOWN,ACTIVE 2026,CONFIRMED — industry research leader,2,PASS — find person in Phase 3,
Horizon Quantum,Joe Fitzsimons,CEO,Full-Stack Quantum Computing and Cloud Platforms,https://horizonquantum.com,CONFIRMED 2026,ACTIVE 2026,CONFIRMED — algorithm development tool leader,3,PASS,
Huawei Quantum Research,UNKNOWN,Leadership,Full-Stack Quantum Computing and Cloud Platforms,https://huawei.com,UNKNOWN,ACTIVE 2026,FAIL — parent level (not named division lead),1,FAIL,Parent level company per Qualification Score Rule.
IBM,UNKNOWN,Leadership,Full-Stack Quantum Computing and Cloud Platforms,https://ibm.com,UNKNOWN — no person name in Phase 1,ACTIVE 2026,FAIL — parent level company,1,FAIL,Parent level company per Qualification Score Rule.
IQM,UNKNOWN,Leadership,Full-Stack Quantum Computing and Cloud Platforms,https://meetiqm.com,UNKNOWN — no person name in Phase 1,ACTIVE 2026,CONFIRMED — leading European superconducting QC manufacturer,2,PASS — find person in Phase 3,
Infleqtion,Ronald Hellmer,Principal Investigator,Full-Stack Quantum Computing and Cloud Platforms,https://infleqtion.com,CONFIRMED 2025,ACTIVE 2025,CONFIRMED — commercial cold atom platforms,3,PASS,
Intel,UNKNOWN,Leadership,Full-Stack Quantum Computing and Cloud Platforms,https://intel.com,UNKNOWN — no person name in Phase 1,ACTIVE 2026,FAIL — parent level company,1,FAIL,Parent level company per Qualification Score Rule.
IonQ,Peter Chapman,CEO,Full-Stack Quantum Computing and Cloud Platforms,https://ionq.com,CONFIRMED 2026,ACTIVE 2026,CONFIRMED — publicly traded trapped-ion QC leader,3,PASS,
IonQ,Krzysztof Bernacki,VP Engineering,Full-Stack Quantum Computing and Cloud Platforms,https://ionq.com,CONFIRMED 2026,ACTIVE 2026,CONFIRMED — trapped-ion system engineering,3,PASS,
Microsoft Azure Quantum,UNKNOWN,Leadership,Full-Stack Quantum Computing and Cloud Platforms,https://azure.com,UNKNOWN,ACTIVE 2026,CONFIRMED — cloud quantum deployment,2,PASS — find person in Phase 3,
Nanjing Quantum Lab,UNKNOWN,Leadership,Full-Stack Quantum Computing and Cloud Platforms,https://nanjing-quantum.com,UNKNOWN,ACTIVE 2026,CONFIRMED — industrial lab for QC algorithms,2,PASS — find person in Phase 3,
Nord Quantique,Philippe St-Jean,CEO,Full-Stack Quantum Computing and Cloud Platforms,https://nordquantique.ca,CONFIRMED 2025,ACTIVE 2025,CONFIRMED — logical qubits with bosonic codes,3,PASS,
ORCA Computing,Kris Kaczmarek,Head of Product,Full-Stack Quantum Computing and Cloud Platforms,https://orcacomputing.com,CONFIRMED 2025,ACTIVE 2025,CONFIRMED — photonics product scientist,3,PASS,
Orca Computing,Richard Murray,CEO,Full-Stack Quantum Computing and Cloud Platforms,https://orcacomputing.com/about,CONFIRMED 2025,ACTIVE 2025,CONFIRMED — photonic QC with quantum memory,3,PASS,
Oxford Ionics,Chris Ballance,CEO,Full-Stack Quantum Computing and Cloud Platforms,https://oxionics.com,CONFIRMED 2025,ACTIVE 2025,CONFIRMED — laser-less trapped-ion QC,3,PASS,
Oxford Ionics,Tom Harty,CEO,Full-Stack Quantum Computing and Cloud Platforms,https://oxionics.com,CONFIRMED 2025,ACTIVE 2025,CONFIRMED — microwave trapped-ion founder,3,PASS,
Oxford Quantum Circuits,Ilana Wisby,CEO,Full-Stack Quantum Computing and Cloud Platforms,https://oxfordquantumcircuits.com/about,CONFIRMED 2025,ACTIVE 2025,CONFIRMED — superconducting circuits and Coaxmon qubits,3,PASS,
Pasqal,Georges-Olivier Reymond,CEO,Full-Stack Quantum Computing and Cloud Platforms,https://pasqal.com,CONFIRMED 2025,ACTIVE 2025,CONFIRMED — commercial neutral-atom manufacturer,3,PASS,
Pasqal,Loic Henriet,CTO,Full-Stack Quantum Computing and Cloud Platforms,https://pasqal.com,CONFIRMED 2025,ACTIVE 2025,CONFIRMED — neutral-atom architecture lead,3,PASS,
Planqal,UNKNOWN — find in Phase 2,Leadership,Full-Stack Quantum Computing and Cloud Platforms,https://planqal.com,UNKNOWN,ACTIVE 2024,CONFIRMED — software stack for Polish ecosystem,2,PASS — find person in Phase 3,
PsiQuantum,Jeremy O'Brien,CEO,Full-Stack Quantum Computing and Cloud Platforms,https://psiquantum.com,CONFIRMED 2025,ACTIVE 2026,CONFIRMED — photonic fault-tolerant QC development,3,PASS,
PsiQuantum,Pete Shadbolt,Chief Strategy Officer,Full-Stack Quantum Computing and Cloud Platforms,https://psiquantum.com,CONFIRMED 2025,ACTIVE 2026,CONFIRMED — core architecture founder,3,PASS,
QuEra Computing,Alex Keesling,CEO,Full-Stack Quantum Computing and Cloud Platforms,https://quera.com,CONFIRMED 2026,ACTIVE 2026,CONFIRMED — neutral-atom quantum computer (256-qubit),3,PASS,
Quandela,Valérian Giesz,CEO,Full-Stack Quantum Computing and Cloud Platforms,https://quandela.com,CONFIRMED 2025,ACTIVE 2025,CONFIRMED — photonic quantum computer manufacturer,3,PASS,
Quantinuum,Rajeeb Hazra,CEO,Full-Stack Quantum Computing and Cloud Platforms,https://www.quantinuum.com/about,CONFIRMED 2026,ACTIVE 2026,CONFIRMED — largest integrated quantum company (Honeywell/Cambridge),3,PASS,
Quantinuum,Tony Uttley,Chief Commercial Officer,Full-Stack Quantum Computing and Cloud Platforms,https://quantinuum.com,CONFIRMED 2025,ACTIVE 2026,CONFIRMED — commercial leads for ion-trap/PQC,3,PASS,
Quantum Brilliance,Mark Cassidy,CEO,Full-Stack Quantum Computing and Cloud Platforms,https://quantumbrilliance.com/about,CONFIRMED 2025,ACTIVE 2025,CONFIRMED — diamond-based QC at room temperature,3,PASS,
Quantum Circuits,UNKNOWN — find in Phase 2,Leadership,Full-Stack Quantum Computing and Cloud Platforms,https://quantumcircuits.com,UNKNOWN,ACTIVE 2025,CONFIRMED — Yale spinoff for superconducting QC,2,PASS — find person in Phase 3,
Quantum Corporation,UNKNOWN,Leadership,Full-Stack Quantum Computing and Cloud Platforms,https://quantum.com,UNKNOWN — no person name in Phase 1,ACTIVE 2026,CONFIRMED — enterprise storage and data-heavy quantum compute,2,PASS — find person in Phase 3,
Quantum World Congress,UNKNOWN,Leadership,Full-Stack Quantum Computing and Cloud Platforms,https://quantumworldcongress.com,UNKNOWN,ACTIVE 2025,MISALIGNED — event,1,FAIL,Industry summit organization.
Rigetti,UNKNOWN,Leadership,Full-Stack Quantum Computing and Cloud Platforms,https://rigetti.com,UNKNOWN — no person name,ACTIVE 2026,CONFIRMED — superconducting QC manufacturer,2,PASS — find person in Phase 3,
Rigetti,Subodh Kulkarni,CEO,Full-Stack Quantum Computing and Cloud Platforms,https://rigetti.com,CONFIRMED 2026,ACTIVE 2026,CONFIRMED — publicly traded manufacturing lead,3,PASS,
Seeqc,John Levy,CEO,Full-Stack Quantum Computing and Cloud Platforms,https://seeqc.com,CONFIRMED 2025,ACTIVE 2025,CONFIRMED — SFQ-based quantum-classical chips,3,PASS,
Seeqc,Matthew Hutchings,Chief Product Officer,Full-Stack Quantum Computing and Cloud Platforms,https://seeqc.com,CONFIRMED 2025,ACTIVE 2025,CONFIRMED — product lead for chip-scale QC,3,PASS,
Silicon Quantum Computing,UNKNOWN,Leadership,Full-Stack Quantum Computing and Cloud Platforms,https://sqc.com.au,UNKNOWN — no person name,ACTIVE 2025,CONFIRMED — donor-in-silicon qubit manufacturing,2,PASS — find person in Phase 3,
Silicon Quantum Computing,Michelle Simmons,CEO,Full-Stack Quantum Computing and Cloud Platforms,https://sqc.com.au,CONFIRMED 2026,ACTIVE 2026,CONFIRMED — atomic-scale logic lead,3,PASS,
Strangeworks,UNKNOWN,Leadership,Full-Stack Quantum Computing and Cloud Platforms,https://strangeworks.com,UNKNOWN,ACTIVE 2026,CONFIRMED — enterprise quantum OS and management,2,PASS — find person in Phase 3,
Strangeworks,whurley,CEO,Full-Stack Quantum Computing and Cloud Platforms,https://strangeworks.com,CONFIRMED 2026,ACTIVE 2026,CONFIRMED — ecosystem management platform lead,3,PASS,
Tencent Quantum Lab,UNKNOWN,Leadership,Full-Stack Quantum Computing and Cloud Platforms,https://quantum.tencent.com,UNKNOWN,ACTIVE 2026,FAIL — parent level (not named division lead),1,FAIL,Parent level company per Qualification Score Rule.
Universal Quantum,Sebastian Weidt,CEO,Full-Stack Quantum Computing and Cloud Platforms,https://universalquantum.com,CONFIRMED 2025,ACTIVE 2025,CONFIRMED — modular silicon trapped-ion QC,3,PASS,
Universal Quantum,Winfried Hensinger,Chief Scientist,Full-Stack Quantum Computing and Cloud Platforms,https://universalquantum.com,CONFIRMED 2025,ACTIVE 2025,CONFIRMED — Trapped-ion modular architecture lead,3,PASS,
Zapata AI,UNKNOWN,Leadership,Full-Stack Quantum Computing and Cloud Platforms,https://zapata.ai,UNKNOWN — no person name,ACTIVE 2026,CONFIRMED — enterprise generative quantum AI,2,PASS — find person in Phase 3,
Anametric,William Oxford,Principal Investigator,Post-Quantum Cryptography Infrastructure,https://anametric.com,CONFIRMED 2025,ACTIVE 2025,CONFIRMED — secure device ID via quantum phenomena,3,PASS,
BTQ Technologies,Olivier Roussy Newton,CEO,Post-Quantum Cryptography Infrastructure,https://btq.com,CONFIRMED 2025,ACTIVE 2025,CONFIRMED — secure blockchains and PQC platforms,3,PASS,
Crypta Labs,UNKNOWN,Leadership,Post-Quantum Cryptography Infrastructure,https://www.cryptalabs.com,UNKNOWN — no person name,ACTIVE 2025,CONFIRMED — quantum-seeded RNG for IoT,2,PASS — find person in Phase 3,
Crypto Quantique,Shahram Mossayebi,CEO,Post-Quantum Cryptography Infrastructure,https://cryptoquantique.com,CONFIRMED 2025,ACTIVE 2025,CONFIRMED — root of trust for IoT/PQC,3,PASS,
Crypto4A,UNKNOWN,Leadership,Post-Quantum Cryptography Infrastructure,https://crypto4a.com,UNKNOWN — no person name,ACTIVE 2025,CONFIRMED — quantum-safe security modules,2,PASS — find person in Phase 3,
Cryptonext,UNKNOWN,Leadership,Post-Quantum Cryptography Infrastructure,https://cryptonext-security.com,UNKNOWN — no person name,ACTIVE 2025,CONFIRMED — PQC software and integration,2,PASS — find person in Phase 3,
DigiCert,UNKNOWN,Leadership,Post-Quantum Cryptography Infrastructure,https://www.digicert.com,UNKNOWN — no person name,ACTIVE 2026,CONFIRMED — quantum-safe PKI,2,PASS — find person in Phase 3,
Entrust,UNKNOWN,Leadership,Post-Quantum Cryptography Infrastructure,https://www.entrust.com,UNKNOWN — no person name,ACTIVE 2026,CONFIRMED — commercial PQC migration services,2,PASS — find person in Phase 3,
Envieta,UNKNOWN,Leadership,Post-Quantum Cryptography Infrastructure,https://www.envieta.com/about,UNKNOWN — no person name,ACTIVE 2024,CONFIRMED — defense-grade PQC and security,2,PASS — find person in Phase 3,
Evolutionq,Michele Mosca,Co-Founder,Post-Quantum Cryptography Infrastructure,https://evolutionq.com,CONFIRMED 2025,ACTIVE 2025,CONFIRMED — PQC migration for critical infra,3,PASS,
Evolutionq,Norbert Lütkenhaus,Co-Founder,Post-Quantum Cryptography Infrastructure,https://evolutionq.com,CONFIRMED 2025,ACTIVE 2025,CONFIRMED — PQC standards and assessment,3,PASS,
InfoSec Global,Nira Rozenberg,Head of Quantum Safe,Post-Quantum Cryptography Infrastructure,https://infosecglobal.com,CONFIRMED 2025,ACTIVE 2025,CONFIRMED — agile crypto management/PQC,2,PASS,
InfoSec Global,Zvika Bar-Deroma,Director of Quantum Strategy,Post-Quantum Cryptography Infrastructure,https://infosecglobal.com,CONFIRMED 2025,ACTIVE 2025,CONFIRMED — crypto agility strategist,3,PASS,
Keyfactor,UNKNOWN,Leadership,Post-Quantum Cryptography Infrastructure,https://www.keyfactor.com/leadership/,UNKNOWN — no person name,ACTIVE 2025,CONFIRMED — PQC certificate management,2,PASS — find person in Phase 3,
PQShield,Ali El Kaafarani,CEO,Post-Quantum Cryptography Infrastructure,https://pqshield.com,CONFIRMED 2025,ACTIVE 2025,CONFIRMED — PQC algorithms for secure elements,3,PASS,
PQShield,Kris Kwiatkowski,Chief Scientist,Post-Quantum Cryptography Infrastructure,https://pqshield.com,CONFIRMED 2025,ACTIVE 2025,CONFIRMED — NIST PQC algorithm author,3,PASS,
Post-Quantum,Andersen Cheng,Executive Chairman,Post-Quantum Cryptography Infrastructure,https://post-quantum.com,CONFIRMED 2025,ACTIVE 2025,CONFIRMED — NAL-safe login and transmission,3,PASS,
Post-Quantum,Charles Lim,Chief Technology Officer,Post-Quantum Cryptography Infrastructure,https://post-quantum.com,CONFIRMED 2025,ACTIVE 2025,CONFIRMED — PQC networking protocols,3,PASS,
RSAC 2024,UNKNOWN,Leadership,Post-Quantum Cryptography Infrastructure,https://rsaconference.com,UNKNOWN — no person name,ACTIVE 2024,MISALIGNED — event, not a lead company,1,FAIL
SandboxAQ,Jack Hidary,CEO,Post-Quantum Cryptography Infrastructure,https://sandboxaq.com,CONFIRMED 2026,ACTIVE 2026,CONFIRMED — PQC platform and quantum sensing tools,3,PASS,
SandboxAQ,Stefan Leichenauer,VP Engineering,Post-Quantum Cryptography Infrastructure,https://sandboxaq.com,CONFIRMED 2026,ACTIVE 2026,CONFIRMED — engineering lead for enterprise PQC,3,PASS,
Thales,UNKNOWN,Leadership,Post-Quantum Cryptography Infrastructure,https://www.thalesgroup.com,UNKNOWN — no person name,ACTIVE 2026,CONFIRMED — quantum-safe HSMs,2,PASS — find person in Phase 3,
Xiphera,UNKNOWN,Leadership,Post-Quantum Cryptography Infrastructure,https://xiphera.com,UNKNOWN — no person name,ACTIVE 2025,CONFIRMED — PQC on FPGAs,2,PASS — find person in Phase 3,
AFCEA TechNet,UNKNOWN,Leadership,Post-Quantum Defense and Critical Infrastructure,https://afcea.org,UNKNOWN — no person name,ACTIVE 2024,MISALIGNED — association, not a lead company,1,FAIL
Akamai PQC R&D,UNKNOWN,Leadership,Post-Quantum Defense and Critical Infrastructure,https://akamai.com,UNKNOWN,ACTIVE 2026,CONFIRMED — secure content delivery and PQC,2,PASS — find person in Phase 3,
Armis Security,UNKNOWN,Leadership,Post-Quantum Defense and Critical Infrastructure,https://armis.com,UNKNOWN,ACTIVE 2026,CONFIRMED — IoT asset security and PQC,2,PASS — find person in Phase 3,
Booz Allen Hamilton,UNKNOWN,Leadership,Post-Quantum Defense and Critical Infrastructure,https://www.boozallen.com,UNKNOWN — no person name,ACTIVE 2026,CONFIRMED — quantum cybersecurity consultancy,2,PASS — find person in Phase 3,
Check Point Quantum,UNKNOWN,Leadership,Post-Quantum Defense and Critical Infrastructure,https://checkpoint.com,UNKNOWN,ACTIVE 2026,CONFIRMED — secure gateways and PQC firmware,2,PASS — find person in Phase 3,
Claroty,UNKNOWN,Leadership,Post-Quantum Defense and Critical Infrastructure,https://claroty.com,UNKNOWN — no person name,ACTIVE 2026,CONFIRMED — OT/IoT PQC security,2,PASS — find person in Phase 3,
Cloudflare PQC Project,UNKNOWN,Leadership,Post-Quantum Defense and Critical Infrastructure,https://cloudflare.com,UNKNOWN,ACTIVE 2026,CONFIRMED — edge computing and post-quantum TLS,2,PASS — find person in Phase 3,
CrowdStrike PQC,UNKNOWN,Leadership,Post-Quantum Defense and Critical Infrastructure,https://crowdstrike.com,UNKNOWN,ACTIVE 2026,CONFIRMED — threat hunts and PQC data protection,2,PASS — find person in Phase 3,
CyberArk Quantum-Safe,UNKNOWN,Leadership,Post-Quantum Defense and Critical Infrastructure,https://cyberark.com,UNKNOWN,ACTIVE 2026,CONFIRMED — privileged access management and PQC,2,PASS — find person in Phase 3,
DARC Global Security,UNKNOWN,Leadership,Post-Quantum Defense and Critical Infrastructure,https://darc-global.com,UNKNOWN,ACTIVE 2025,CONFIRMED — PQC risk planning for cities,2,PASS — find person in Phase 3,
DTRA Quantum Team,UNKNOWN,Leadership,Post-Quantum Defense and Critical Infrastructure,https://dtra.mil,UNKNOWN,ACTIVE 2026,CONFIRMED — threat reduction through quantum sensing,2,PASS — find person in Phase 3,
Dragos,UNKNOWN,Leadership,Post-Quantum Defense and Critical Infrastructure,https://www.dragos.com,UNKNOWN — no person name,ACTIVE 2026,CONFIRMED — industrial cybersecurity and PQC integration,2,PASS — find person in Phase 3,
Forescout Technologies,UNKNOWN,Leadership,Post-Quantum Defense and Critical Infrastructure,https://forescout.com,UNKNOWN,ACTIVE 2026,CONFIRMED — OT security and PQC assessment,2,PASS — find person in Phase 3,
Fortinet PQC Division,UNKNOWN,Leadership,Post-Quantum Defense and Critical Infrastructure,https://fortinet.com,UNKNOWN,ACTIVE 2026,CONFIRMED — security fabrics and PQC,2,PASS — find person in Phase 3,
General Atomics Quantum,UNKNOWN,Leadership,Post-Quantum Defense and Critical Infrastructure,https://ga.com,UNKNOWN,ACTIVE 2026,CONFIRMED — high-precision sensing for drones,2,PASS — find person in Phase 3,
General Dynamics Q-Secure,UNKNOWN,Leadership,Post-Quantum Defense and Critical Infrastructure,https://gd.com,UNKNOWN,ACTIVE 2026,CONFIRMED — gov-grade secure comms/PQC,2,PASS — find person in Phase 3,
Leidos,UNKNOWN,Leadership,Post-Quantum Defense and Critical Infrastructure,https://www.leidos.com,UNKNOWN — no person name,ACTIVE 2026,CONFIRMED — federal quantum cyber lead,2,PASS — find person in Phase 3,
MDA Quantum Sensors,UNKNOWN,Leadership,Post-Quantum Defense and Critical Infrastructure,https://mda.mil,UNKNOWN,ACTIVE 2026,CONFIRMED — missile defense sensing/atoms,2,PASS — find person in Phase 3,
ManTech Quantum Cyber,UNKNOWN,Leadership,Post-Quantum Defense and Critical Infrastructure,https://mantech.com,UNKNOWN,ACTIVE 2026,CONFIRMED — federal PQC services,2,PASS — find person in Phase 3,
Northrop Grumman QIS,UNKNOWN,Leadership,Post-Quantum Defense and Critical Infrastructure,https://northropgrumman.com,UNKNOWN,ACTIVE 2026,CONFIRMED — trapped-ion and fab capabilities,2,PASS — find person in Phase 3,
Nozomi Networks,UNKNOWN,Leadership,Post-Quantum Defense and Critical Infrastructure,https://www.nozominetworks.com,UNKNOWN — no person name,ACTIVE 2026,CONFIRMED — PQC for industrial control systems,2,PASS — find person in Phase 3,
Okta PQC Infrastructure,UNKNOWN,Leadership,Post-Quantum Defense and Critical Infrastructure,https://okta.com,UNKNOWN,ACTIVE 2026,CONFIRMED — identity-based PQC authentication,2,PASS — find person in Phase 3,
Palo Alto Networks Quantum,UNKNOWN,Leadership,Post-Quantum Defense and Critical Infrastructure,https://paloaltonetworks.com,UNKNOWN,ACTIVE 2026,CONFIRMED — network security and PQC VPNs,2,PASS — find person in Phase 3,
Parsons Quantum Systems,UNKNOWN,Leadership,Post-Quantum Defense and Critical Infrastructure,https://parsons.com,UNKNOWN,ACTIVE 2026,CONFIRMED — DoD engineering for quantum safes,2,PASS — find person in Phase 3,
SAIC,UNKNOWN,Leadership,Post-Quantum Defense and Critical Infrastructure,https://www.saic.com,UNKNOWN — no person name,ACTIVE 2025,CONFIRMED — quantum cyber for Gov,2,PASS — find person in Phase 3,
SentinelOne Quantum,UNKNOWN,Leadership,Post-Quantum Defense and Critical Infrastructure,https://sentinelone.com,UNKNOWN,ACTIVE 2026,CONFIRMED — endpoint security and PQC integration,2,PASS — find person in Phase 3,
Strategic Capabilities Office,UNKNOWN,Leadership,Post-Quantum Defense and Critical Infrastructure,https://defense.gov,UNKNOWN,ACTIVE 2026,CONFIRMED — DoD special projects lead,2,PASS — find person in Phase 3,
Zscaler Quantum Defense,UNKNOWN,Leadership,Post-Quantum Defense and Critical Infrastructure,https://zscaler.com,UNKNOWN,ACTIVE 2026,CONFIRMED — cloud native security and PQC modules,2,PASS — find person in Phase 3,
1QBit,Andrew Fursman,CEO,Quantum Finance and Risk Underwriting,https://1qbit.com/about/,CONFIRMED 2025,ACTIVE 2025,CONFIRMED — quantum computing software for finance,3,PASS,
BBVA Quantum R&D,UNKNOWN,Leadership,Quantum Finance and Risk Underwriting,https://bbva.com,UNKNOWN,ACTIVE 2025,CONFIRMED — financial algorithm research,2,PASS — find person in Phase 3,
BNP Paribas Quantum,UNKNOWN,Leadership,Quantum Finance and Risk Underwriting,https://group.bnpparibas,UNKNOWN,ACTIVE 2025,CONFIRMED — financial algorithm research,2,PASS — find person in Phase 3,
Barclays Quantum,UNKNOWN,Leadership,Quantum Finance and Risk Underwriting,https://barclays.com,UNKNOWN,ACTIVE 2025,CONFIRMED — financial algorithm research,2,PASS — find person in Phase 3,
Goldman Sachs Quantum,UNKNOWN,Leadership,Quantum Finance and Risk Underwriting,https://goldmansachs.com,UNKNOWN,ACTIVE 2025,CONFIRMED — financial algorithm research,2,PASS — find person in Phase 3,
HSBC Quantum Explorer,UNKNOWN,Leadership,Quantum Finance and Risk Underwriting,https://hsbc.com,UNKNOWN,ACTIVE 2025,CONFIRMED — financial algorithm research,2,PASS — find person in Phase 3,
JPMorgan Chase Quantum,UNKNOWN,Leadership,Quantum Finance and Risk Underwriting,https://jpmorgan.com,UNKNOWN,ACTIVE 2026,CONFIRMED — financial algorithm research,2,PASS — find person in Phase 3,
Multiverse Computing,Enrique Lizaso Olmos,CEO,Quantum Finance and Risk Underwriting,https://multiversecomputing.com,CONFIRMED 2026,ACTIVE 2026,CONFIRMED — software for finance,3,PASS,
Multiverse Computing,Enrique Lizaso,CEO,Quantum Finance and Risk Underwriting,https://multiversecomputing.com,CONFIRMED 2026,ACTIVE 2026,CONFIRMED — financial optimization lead,3,PASS,
QC Ware,Matt Johnson,CEO,Quantum Finance and Risk Underwriting,https://qcware.com,CONFIRMED 2025,ACTIVE 2025,CONFIRMED — algorithm platform,3,PASS,
QuantFi,UNKNOWN,Leadership,Quantum Finance and Risk Underwriting,https://quantfi.com,UNKNOWN — no person name,ACTIVE 2024,CONFIRMED — quantum algorithms for portfolios,2,PASS — find person in Phase 3,
QuantMinds,UNKNOWN,Leadership,Quantum Finance and Risk Underwriting,https://informaconnect.com,UNKNOWN — no person name,ACTIVE 2024,MISALIGNED — event, not a lead company,1,FAIL
Quantination (VC),UNKNOWN,Leadership,Quantum Finance and Risk Underwriting,https://quantination.com,UNKNOWN,ACTIVE 2026,CONFIRMED — leading quantum venture fund,2,PASS — find person in Phase 3,
Quantropy,UNKNOWN — find in Phase 2,Leadership,Quantum Finance and Risk Underwriting,https://quantropy.com,UNKNOWN,ACTIVE 2025,CONFIRMED — risk analysis for finance,2,PASS — find person in Phase 3,
Qubit Pharmaceuticals,UNKNOWN,Leadership,Quantum Finance and Risk Underwriting,https://www.qubit-pharmaceuticals.com,UNKNOWN — no person name,ACTIVE 2025,CONFIRMED — drug discovery algorithms,2,PASS — find person in Phase 3,
Societe Generale Quantum,UNKNOWN,Leadership,Quantum Finance and Risk Underwriting,https://societegenerale.com,UNKNOWN,ACTIVE 2025,CONFIRMED — financial algorithm research,2,PASS — find person in Phase 3,
Wells Fargo Quantum,UNKNOWN,Leadership,Quantum Finance and Risk Underwriting,https://wellsfargo.com,UNKNOWN,ACTIVE 2025,CONFIRMED — financial algorithm research,2,PASS — find person in Phase 3,
Aliro Quantum,Jim Ricotta,CEO,Quantum Networking and QKD,https://aliroquantum.com,CONFIRMED 2025,ACTIVE 2025,CONFIRMED — quantum network orchestration OS,3,PASS,
ID Quantique,Grégoire Ribordy,CEO,Quantum Networking and QKD,https://idquantique.com,CONFIRMED 2025,ACTIVE 2025,CONFIRMED — commercial QKD and QRNG market leader,3,PASS,
ID Quantique,Marc Jofre,Head of Hardware,Quantum Networking and QKD,https://idquantique.com,CONFIRMED 2025,ACTIVE 2025,CONFIRMED — QKD hardware design,3,PASS,
IFOS,Karl-Josef Kramer,Principal Investigator,Quantum Networking and QKD,https://ifos.com,CONFIRMED 2025,ACTIVE 2025,CONFIRMED — fiber optic quantum sensors for gov,2,PASS,
KETS Quantum,UNKNOWN,Leadership,Quantum Networking and QKD,https://kets-quantum.com,UNKNOWN — no person name,ACTIVE 2025,CONFIRMED — chip-based QKD modules,2,PASS — find person in Phase 3,
LuxQuanta,Vanesa Diaz,CEO,Quantum Networking and QKD,https://luxquanta.com,CONFIRMED 2025,ACTIVE 2025,CONFIRMED — CV-QKD for metropolitan networks,3,PASS,
MagiQ Technologies,UNKNOWN,Leadership,Quantum Networking and QKD,https://magiqtech.com,UNKNOWN — no person name,ACTIVE 2025,CONFIRMED — older QKD firm still active in SBIR,2,PASS — find person in Phase 3,
Nu Quantum,UNKNOWN,Leadership,Quantum Networking and QKD,https://nu-quantum.com,UNKNOWN — no person name in Phase 1,ACTIVE 2025,CONFIRMED — distributed quantum architecture,2,PASS — find person in Phase 3,
QphoX Networking Hub,UNKNOWN,Leadership,Quantum Networking and QKD,https://qphox.eu,UNKNOWN,ACTIVE 2026,CONFIRMED — microwave-to-optical quantum transducers,2,PASS — find person in Phase 3,
Quantum Bridge Technologies,UNKNOWN,Leadership,Quantum Networking and QKD,https://quantumbridge.io,UNKNOWN — no person name,ACTIVE 2025,CONFIRMED — key distribution and networking software,2,PASS — find person in Phase 3,
Quantum Xchange,Eddy Zervigon,CEO,Quantum Networking and QKD,https://quantumxc.com,CONFIRMED 2025,ACTIVE 2025,CONFIRMED — FIPS-validated QKD alternatives/PQC,3,PASS,
Qunnect,Noel Goddard,CEO,Quantum Networking and QKD,https://qunnect.hardware.io/team/,CONFIRMED 2025,ACTIVE 2025,CONFIRMED — hardware for entanglement-based networking,3,PASS,
Sparrow Quantum,UNKNOWN,Leadership,Quantum Networking and QKD,https://sparrowquantum.com,UNKNOWN — no person name,ACTIVE 2025,CONFIRMED — single-photon sources,2,PASS — find person in Phase 3,
Toshiba,UNKNOWN,Leadership,Quantum Networking and QKD,https://toshiba.eu,UNKNOWN — no person name,ACTIVE 2026,CONFIRMED — commercial QKD deployments (UK/Japan),2,PASS — find person in Phase 3,
ASML Quantum Division,UNKNOWN,Leadership,Quantum-Classical Hybrid Infrastructure,https://asml.com,UNKNOWN,ACTIVE 2026,CONFIRMED — lithography for qubit fabrication,2,PASS — find person in Phase 3,
Algorithmiq,UNKNOWN,Leadership,Quantum-Classical Hybrid Infrastructure,https://algorithmiq.fi,UNKNOWN — no person name,ACTIVE 2025,CONFIRMED — drug discovery algorithms and noise correction,2,PASS — find person in Phase 3,
Applied Materials Quantum,UNKNOWN,Leadership,Quantum-Classical Hybrid Infrastructure,https://appliedmaterials.com,UNKNOWN,ACTIVE 2026,CONFIRMED — CVD and fab tools for quantum,2,PASS — find person in Phase 3,
Bluefors Cryogenics,UNKNOWN,Leadership,Quantum-Classical Hybrid Infrastructure,https://bluefors.com,UNKNOWN,ACTIVE 2026,CONFIRMED — market level dilution refrigerators,2,PASS — find person in Phase 3,
Canon Quantum Nano,UNKNOWN,Leadership,Quantum-Classical Hybrid Infrastructure,https://global.canon,UNKNOWN,ACTIVE 2026,CONFIRMED — nano-imprint for quantum devices,2,PASS — find person in Phase 3,
Classiq,Nir Minerbi,CEO,Quantum-Classical Hybrid Infrastructure,https://classiq.io,CONFIRMED 2025,ACTIVE 2025,CONFIRMED — circuit design platform,3,PASS,
Classiq,Yuval Boger,Chief Marketing Officer,Quantum-Classical Hybrid Infrastructure,https://classiq.io,CONFIRMED 2025,ACTIVE 2025,CONFIRMED — quantum software market leader,3,PASS,
FormFactor Quantum,UNKNOWN,Leadership,Quantum-Classical Hybrid Infrastructure,https://formfactor.com,UNKNOWN,ACTIVE 2026,CONFIRMED — cryogenics and qubit testing,2,PASS — find person in Phase 3,
Fujifilm Quantum Bio,UNKNOWN,Leadership,Quantum-Classical Hybrid Infrastructure,https://fujifilm.com,UNKNOWN,ACTIVE 2025,CONFIRMED — quantum dots for bio-imaging,2,PASS — find person in Phase 3,
HQS Quantum Simulations,UNKNOWN,Leadership,Quantum-Classical Hybrid Infrastructure,https://quantumsimulations.de,UNKNOWN — no person name,ACTIVE 2025,CONFIRMED — materials and chemical simulations,2,PASS — find person in Phase 3,
Hubner Photonics Laser,UNKNOWN,Leadership,Quantum-Classical Hybrid Infrastructure,https://hubner-photonics.com,UNKNOWN,ACTIVE 2026,CONFIRMED — laser modules for QC/Sensing,2,PASS — find person in Phase 3,
IBM Quantum Network,UNKNOWN,Leadership,Quantum-Classical Hybrid Infrastructure,https://ibm.com,UNKNOWN,ACTIVE 2026,CONFIRMED — industrial network lead,2,PASS — find person in Phase 3,
ICEoxford,UNKNOWN,Leadership,Quantum-Classical Hybrid Infrastructure,https://iceoxford.com,UNKNOWN,ACTIVE 2026,CONFIRMED — specialized cryogenics,2,PASS — find person in Phase 3,
Janis Ultra Low Temp,UNKNOWN,Leadership,Quantum-Classical Hybrid Infrastructure,https://lakeshore.com,UNKNOWN,ACTIVE 2025,CONFIRMED — cryostat hardware,2,PASS — find person in Phase 3,
KLA Quantum Inspection,UNKNOWN,Leadership,Quantum-Classical Hybrid Infrastructure,https://kla.com,UNKNOWN,ACTIVE 2026,CONFIRMED — wafer inspection for qubits,2,PASS — find person in Phase 3,
Keysight,UNKNOWN,Leadership,Quantum-Classical Hybrid Infrastructure,https://www.keysight.com,UNKNOWN — no person name,ACTIVE 2026,CONFIRMED — Labber software and measurement tools,2,PASS — find person in Phase 3,
Kyowa Quantum Systems,UNKNOWN,Leadership,Quantum-Classical Hybrid Infrastructure,https://kyowa-ei.com,UNKNOWN,ACTIVE 2025,CONFIRMED — quantum metrology and test solutions,2,PASS — find person in Phase 3,
LG Quantum R&D,UNKNOWN,Leadership,Quantum-Classical Hybrid Infrastructure,https://lg.com,UNKNOWN,ACTIVE 2025,CONFIRMED — quantum safe authentication for TVs/devices,2,PASS — find person in Phase 3,
Lam Research Quantum,UNKNOWN,Leadership,Quantum-Classical Hybrid Infrastructure,https://lamresearch.com,UNKNOWN,ACTIVE 2026,CONFIRMED — etch and fab tools for quantum,2,PASS — find person in Phase 3,
Menlo Systems Frequency,UNKNOWN,Leadership,Quantum-Classical Hybrid Infrastructure,https://menlosystems.com,UNKNOWN,ACTIVE 2026,CONFIRMED — frequency combs for atomic QC,2,PASS — find person in Phase 3,
NKT Photonics Fiber,UNKNOWN,Leadership,Quantum-Classical Hybrid Infrastructure,https://nktphotonics.com,UNKNOWN,ACTIVE 2026,CONFIRMED — photonic crystal fibers for QC,2,PASS — find person in Phase 3,
Nikon Quantum Lab,UNKNOWN,Leadership,Quantum-Classical Hybrid Infrastructure,https://nikon.com,UNKNOWN,ACTIVE 2026,CONFIRMED — optical metrology for qubits,2,PASS — find person in Phase 3,
Olympus Quantum Metrology,UNKNOWN,Leadership,Quantum-Classical Hybrid Infrastructure,https://olympus-global.com,UNKNOWN,ACTIVE 2026,CONFIRMED — microscope-based qubit inspection,2,PASS — find person in Phase 3,
Oxford Instruments Nanoscience,UNKNOWN,Leadership,Quantum-Classical Hybrid Infrastructure,https://nanoscience.oxinst.com,UNKNOWN,ACTIVE 2026,CONFIRMED — commercial cryogenics for QC,2,PASS — find person in Phase 3,
ParityQC,Magdalena Hauser,Co-CEO,Quantum-Classical Hybrid Infrastructure,https://parityqc.com,CONFIRMED 2025,ACTIVE 2025,CONFIRMED — chip architecture and compiler tools,3,PASS,
Phasecraft,UNKNOWN,Leadership,Quantum-Classical Hybrid Infrastructure,https://www.phasecraft.io,UNKNOWN — no person name,ACTIVE 2026,CONFIRMED — algorithm development for NISQ/materials,2,PASS — find person in Phase 3,
Photon Spot,UNKNOWN,Leadership,Quantum-Classical Hybrid Infrastructure,https://photonspot.com,UNKNOWN,ACTIVE 2025,CONFIRMED — SNSPDs and optical sensing,2,PASS — find person in Phase 3,
Q-CTRL,Michael J. Biercuk,CEO,Quantum-Classical Hybrid Infrastructure,https://q-ctrl.com,CONFIRMED 2026,ACTIVE 2026,CONFIRMED — error correction software and sensors,3,PASS,
Q-CTRL,Christopher Ferrie,Associate VP Quantum,Quantum-Classical Hybrid Infrastructure,https://q-ctrl.com,CONFIRMED 2026,ACTIVE 2026,CONFIRMED — quantum education and algorithms,3,PASS,
Qblox Control Stack,UNKNOWN,Leadership,Quantum-Classical Hybrid Infrastructure,https://qblox.com,UNKNOWN,ACTIVE 2026,CONFIRMED — integrated control hardware,2,PASS — find person in Phase 3,
Qontrol,UNKNOWN,Leadership,Quantum-Classical Hybrid Infrastructure,https://qontrol.co.uk,UNKNOWN,ACTIVE 2025,CONFIRMED — integrated photonics controllers,2,PASS — find person in Phase 3,
Quantopticon Software Hub,UNKNOWN,Leadership,Quantum-Classical Hybrid Infrastructure,https://quantopticon.co.uk,UNKNOWN,ACTIVE 2026,CONFIRMED — circuit simulation tools,2,PASS — find person in Phase 3,
Quantum Machines,Itamar Sivan,CEO,Quantum-Classical Hybrid Infrastructure,https://quantum-machines.co,CONFIRMED 2026,ACTIVE 2026,CONFIRMED — OPX controller for quantum hardware,3,PASS,
Quantum Machines,Yonatan Cohen,CTO,Quantum-Classical Hybrid Infrastructure,https://quantum-machines.co,CONFIRMED 2026,ACTIVE 2026,CONFIRMED — HW/SW controller lead,3,PASS,
Quantum Opus,UNKNOWN,Leadership,Quantum-Classical Hybrid Infrastructure,https://quantumopus.com,UNKNOWN — no person name in Phase 1,ACTIVE 2025,CONFIRMED — superconducting photon detectors,2,PASS — find person in Phase 3,
Qutools,UNKNOWN,Leadership,Quantum-Classical Hybrid Infrastructure,https://qutools.com,UNKNOWN,ACTIVE 2025,CONFIRMED — educational and research tools,2,PASS — find person in Phase 3,
Riverlane,UNKNOWN,Leadership,Quantum-Classical Hybrid Infrastructure,https://www.riverlane.com,UNKNOWN — no person name,ACTIVE 2026,CONFIRMED — quantum OS and error correction,2,PASS — find person in Phase 3,
Riverlane,Steve Brierley,CEO,Quantum-Classical Hybrid Infrastructure,https://riverlane.com,CONFIRMED 2026,ACTIVE 2026,CONFIRMED — quantum OS development,3,PASS,
Rohde & Schwarz Quantum,UNKNOWN,Leadership,Quantum-Classical Hybrid Infrastructure,https://rohde-schwarz.com,UNKNOWN,ACTIVE 2026,CONFIRMED — control electronics/analyzers,2,PASS — find person in Phase 3,
Samsung SAIT Quantum,UNKNOWN,Leadership,Quantum-Classical Hybrid Infrastructure,https://samsung.com,UNKNOWN,ACTIVE 2026,CONFIRMED — advanced materials for qubits,2,PASS — find person in Phase 3,
Single Quantum Detectors,UNKNOWN,Leadership,Quantum-Classical Hybrid Infrastructure,https://singlequantum.com,UNKNOWN,ACTIVE 2026,CONFIRMED — SNSPD sensors,2,PASS — find person in Phase 3,
Sony Quantum Science,UNKNOWN,Leadership,Quantum-Classical Hybrid Infrastructure,https://sony.com,UNKNOWN,ACTIVE 2025,CONFIRMED — quantum image sensors,2,PASS — find person in Phase 3,
Tektronix Quantum,UNKNOWN,Leadership,Quantum-Classical Hybrid Infrastructure,https://tek.com,UNKNOWN,ACTIVE 2025,CONFIRMED — measurement solutions for QC,2,PASS — find person in Phase 3,
Teradyne Quantum Test,UNKNOWN,Leadership,Quantum-Classical Hybrid Infrastructure,https://teradyne.com,UNKNOWN,ACTIVE 2025,CONFIRMED — IC test for quantum chips,2,PASS — find person in Phase 3,
Tokyo Electron Quantum,UNKNOWN,Leadership,Quantum-Classical Hybrid Infrastructure,https://tel.com,UNKNOWN,ACTIVE 2026,CONFIRMED — fab equipment for superconductivity,2,PASS — find person in Phase 3,
Zurich Instruments,UNKNOWN,Leadership,Quantum-Classical Hybrid Infrastructure,https://www.zhinst.com,UNKNOWN — no person name,ACTIVE 2026,CONFIRMED — control electronics (Rohde & Schwarz div),2,PASS — find person in Phase 3,
AOSense,UNKNOWN,Leadership,Subsurface and Underground Quantum Sensing,https://aosense.com,UNKNOWN — no person name,ACTIVE 2024,CONFIRMED — atom interferometry sensors,2,PASS — find person in Phase 3,
Delta g Sensing,Andrew Whitworth,CTO,Subsurface and Underground Quantum Sensing,https://deltag.co.uk,CONFIRMED 2025,ACTIVE 2025,CONFIRMED — gravity sensor spin-out,3,PASS,
Gravitilab,UNKNOWN,Co-Founder / CEO,Subsurface and Underground Quantum Sensing,https://gravitilab.com,UNKNOWN — no person name in Phase 1,ACTIVE 2025,CONFIRMED — quantum gravity gradiometers,2,PASS — find person in Phase 3,
Infleqtion,Victor Colussi,Principal Investigator,Subsurface and Underground Quantum Sensing,https://infleqtion.com,CONFIRMED 2025,ACTIVE 2025,CONFIRMED — commercial quantum software/sensing,3,PASS,
Intelligent Fiber Optic Systems,Mahmut Sami Kavrik,Principal Investigator,Subsurface and Underground Quantum Sensing,https://ifos.com,CONFIRMED 2025,ACTIVE 2025,CONFIRMED — subsurface fiber quantum sensing,2,PASS,
Muquans,UNKNOWN,Leadership,Subsurface and Underground Quantum Sensing,https://www.muquans.com,UNKNOWN — no person name,ACTIVE 2025,CONFIRMED — commercial quantum gravimeters (Exail sub),2,PASS — find person in Phase 3,
Nomad Atomics,UNKNOWN,Leadership,Subsurface and Underground Quantum Sensing,https://www.nomadatomics.com,UNKNOWN — no person name,ACTIVE 2025,CONFIRMED — field-deployable quantum gravimeters,2,PASS — find person in Phase 3,
Nomad Atomics,Kyle Hardman,CEO,Subsurface and Underground Quantum Sensing,https://nomadatomics.com,CONFIRMED 2025,ACTIVE 2025,CONFIRMED — sensor instrumentation for underground,3,PASS,
ODMR Technologies,Andrejs Jarmola,Principal Investigator,Subsurface and Underground Quantum Sensing,https://odmrtechnologies.com,CONFIRMED 2025,ACTIVE 2025,CONFIRMED — NV-diamond quantum sensing for geology,3,PASS,
PAGE Technologies,UNKNOWN,Leadership,Subsurface and Underground Quantum Sensing,https://pagetech.com,UNKNOWN — no person name in Phase 1,ACTIVE 2024,CONFIRMED — commercial subsurface sensing,2,PASS — find person in Phase 3,
Rydberg Technologies,UNKNOWN,Leadership,Subsurface and Underground Quantum Sensing,https://rydbergtechnologies.com,UNKNOWN — no person name,ACTIVE 2024,CONFIRMED — Rydberg atom sensors for RF/sensing,2,PASS — find person in Phase 3,
SBQuantum,David Roy-Guay,CEO,Subsurface and Underground Quantum Sensing,https://sbquantum.com,CONFIRMED 2025,ACTIVE 2025,CONFIRMED — vector magnetometers for mining,3,PASS,
SEG International,UNKNOWN,Leadership,Subsurface and Underground Quantum Sensing,https://seg.org,UNKNOWN,ACTIVE 2025,MISALIGNED — event,1,FAIL,Scientific society meeting.
SPIE Photonics West,UNKNOWN,Leadership,Subsurface and Underground Quantum Sensing,https://spie.org,UNKNOWN,ACTIVE 2025,MISALIGNED — event,1,FAIL,Conference entity.
Silicon Microgravity,Frank Robinson,CEO,Subsurface and Underground Quantum Sensing,https://siliconmicrogravity.com,CONFIRMED 2025,ACTIVE 2025,CONFIRMED — MEMS and quantum gravity sensors,3,PASS,
Vector Atomic,UNKNOWN,Leadership,Subsurface and Underground Quantum Sensing,https://www.vectoratomic.com,UNKNOWN — no person name,ACTIVE 2025,CONFIRMED — atomic clocks and gravimeters,2,PASS — find person in Phase 3,
iXAtom,UNKNOWN,Leadership,Subsurface and Underground Quantum Sensing,https://www.exail.com,UNKNOWN — no person name,ACTIVE 2025,CONFIRMED — quantum sensors for navigation,2,PASS — find person in Phase 3,
